deck,playrate,winrate,games,round,type,code
蛮王 巨魔 (暗影岛),5.55%,52.04%,9658,24.72,版本,CECACBABBYBACAIME4BACBIBFACAGAIDAYFBMBABAECR2AIDAEJQCBABBIBACAIUGQBACAIBAEBACBIPDE
佛耶戈 (恕瑞玛),5.17%,53.83%,9001,28.09,版本,CMBQEAIFFAYQGBAFGU3DOBQEA4ATMO2MM54QEAIBAUAQEBAHKFWQCAIBAUMQ
塔莉娅 吉格斯 (班城),5.07%,53.78%,8817,25.14,版本,CQBQCBIHBMBAKCSJUMAQKBAHBUSSMSKMAMAQKCQ3AECQOBYFAQDRYO2ZNWFACAICAUFANJQB
沙皇 泽拉斯,4.88%,51.05%,8487,25.61,版本,CMBAEBIHBMHAOBAHAMGRYJJGGZWQEAIFA4DQIBAHHNEEY6IBAMCAOGR6MY
悠米 潘森 (德玛),4.71%,55.50%,8203,24,版本,CQCQCAYABYAQKCQ5AIAQACI2AIBQSGZDAMCQSAYFAYBQCAQAAEAQIAADAIBQSM24AMAQCAANAIBQSE2VAICQSBAK
女枪 崔斯特 普朗克 (诺克),3.96%,56.32%,6891,22.75,版本,CICACBIGAEBAEAYDAQBQEBQWEY6AIAIDAIGA6KACAEAQGJIDAIDCALJ6AEBAEBQ2HI
EZ 女警 (诺克),3.12%,50.90%,5432,30.87,版本,CEDACAIDFYAQEAYJAEBQGDIBAMCBCAYBAQPSINAEAUCAMDANDABACAIEDMBACAZTG4AQCBADAI
黑默丁格 杰斯 (暗影岛),2.30%,52.81%,3997,29.21,版本,CECACAIFAEAQIBAOAMAQIEA3HABQKBAWDAOQKAIBAQ2ACAIFFAAQGBANAECAIDYDAUCAYGY7AIAQKBARAECQKAY
拉克丝 杰斯,2.20%,50.83%,3836,26.87,版本,CECACAIEGQAQKAAMAIAQABRKAMCQIFQYDICQCAIEDMAQEAABAEBQADQCAUCBSGYDAEAASKBJAMAQCAA2AECAAAQBAUCBK
德莱文 塞恩 (皮祖),2.12%,52.68%,3694,24.89,版本,CECQCAQDAMAQIBAQAIAQGAQUAMCQGAIJBUCACBBGE4WTIAYBAECACAIDAQJACBIDAYAQCAYDB4
菲兹 厄斐琉斯 (班城),2.10%,53.21%,3650,28.35,版本,CQBQCAQGFYBAGCJD3EAQMBIKCQQDDJQBW4A5SAICAEBQSMYEAUFBGKERAGYQCAQBAMEVKAQFBLIQDUQB
EZ 凯南 (艾欧),1.98%,48.40%,3446,31.99,版本陷阱,CQCQCAIEEQAQEAQFAECQUOQCAUBAOFIEAEBAWDBRGIBQEAICFQ4QEAQCAMFAEAYCAUKACAICAIEA
女枪 奎因,1.73%,58.00%,3012,23.83,版本,CIDACAQAAYAQGAAOAIBAMFR6AICAAAQHAICQACQMAQAQABQJDUZQCAIFAYAQCAQCAADQU
刀妹 沙皇,1.37%,53.21%,2381,24.21,版本,CMBQEAICAYVAIBAHAMNDGXIFAQBAIBIIBEFQGAIBAIGACAYCAUAQIBZWAEAQIB3Z
阿克尚 乌迪尔,1.34%,45.79%,2339,27.98,版本陷阱,CMCACBIHCYBAGAICBEBQKAIEBUIQMBAHGZOWO3MAAGBACAIBAQDRAAICAQDTXAYB
维迦 赛娜 (班城),1.27%,48.82%,2208,31.69,版本陷阱,CQBAEBIFBAEQKBIKHFOV4YVGAEBAIAIFAEOSQLQEAUFACMMYAHKQCAYBAECQ6AIFBLIQCAIFAUBQ
女枪 崔斯特 (诺克),1.26%,54.60%,2194,22.57,版本,CICACBIGAEBAEBQWDIBAEAYDAQCACAYCBQHSQAYBAEBSKAIDAYDAGAQGD4TDYAYBAEBS4AICAY7ACBADAM
千珏 佛耶戈 (艾欧),1.25%,47.97%,2172,27.63,版本陷阱,CECACAQCAUBACAQMEQBQCBIBFAYQIBAFAU2TMNYCAEBQECICAEBAEMIEAEAQEJIBAECSWAIEAIDQCBAFAM
提莫 女警 (班城),1.21%,47.30%,2114,25.37,版本陷阱,CQBQEBIEAYHAGBIKGGSADJQBAQAQICAZGQ5AIAIBAQTQCAYECQAQKCWRAEBQKBACBEMQCAIFBJDA
伊莉丝 蔚 杰斯,1.13%,51.83%,1968,30.5,版本,CQCACAIEGQBACBIBFABAKBILB4CAKBAWDANR6BABAECBWAIFBKMACAIFAUBQEAIFGE2QGAICAQEACAYEBMAQKBAV
德莱文 兰博 塞恩 (皮祖),1.05%,55.25%,1819,23.61,版本,CQCQCAIDBMAQIBAQAECQUWABAUBQ2AYBAQTS2NAFAEAQIJQBAMBQ6AIDAQJAEAIDCMRQGBIDAEDASAQBAECACAQBAMKDG
派克 雷克塞,1.04%,50.47%,1813,24.33,版本,CMBAKBAGAEBQKBYPBACAOAITCY3ECRCKKAAACAIEAYCA
石头人 塔莉娅,0.92%,46.69%,1600,26.34,下水道,CMBQCBIHBMBAICIFBACQIBYNDAOCMSIDAECASBADAQDSKO3NAMCQOBYRCYBACBAHRIAQCBIJBY
希维尔 阿克尚 (德玛),0.90%,50.35%,1565,26.48,绝活哥,CMCACAIABEAQGAAOAECQADAGAQDRINTHQAAYCAMCAECACAQAAEAQIAACAECQAFADAQDTWXMKAEAQCBAAAM
卡尔玛 维克托,0.89%,51.13%,1553,30.8,绝活哥,CECQCAQCBEAQIBAQAIAQIJZUAMAQEAQMFEBQGBADAUJAEAQBAISTCAQBAQTC2AQBAIBAGAIDAIKA
艾克 基兰,0.87%,47.82%,1514,26.63,下水道,CMBAIBAEAEBAIBYGAQDQCHBHJVHVGAQBAUCAYBAEA45WM3MKAEAA
维克托 乌迪尔,0.85%,46.87%,1487,28.57,下水道,CEDACAIBEAAQCBBUAEBQCAQBAUCBQAYDAQBAGBIEAUAQIDANCEBQCAIBAQAQCBA3AECACCQBAEBQCCI
金克丝 兰博 (班城),0.84%,47.82%,1466,24.91,下水道,CQBQCBAECACQKCQEKVMIQANGAEDACBAMBUTSQLJUAEBAKCSOSEAQA
女枪 普朗克 (诺克),0.82%,52.09%,1432,22.14,绝活哥,CIBQEAQDAMCAIAIDAIGCKKAFAIDBMIBNHI6AEAICAYTACAQDAUBQCAIDDEAQEBQ7AECQMAI
厄斐琉斯 维克托,0.76%,50.49%,1325,32.13,绝活哥,CIBACAYEAMFAGCJDFJEUYVCWLRQNQAOZAEBACBAECEBAGCINJMAQCAYJCM
诺提勒斯 茂凯,0.70%,44.93%,1222,26.14,下水道,CICACAIFFAAQIBIPAIBAKCAKAUBAMFZHF42TQAYBAQDAEAQBAUARSAQCAYSSYAQBAECR2AQCAYOR4
佐伊 龙王 (弗雷),0.69%,45.11%,1206,23,下水道,CICACBABBYBQGAIDBILAGAYJBFAFOBABAEGBIMRUAIAQICIHAIBQSF2UAEAQIAIM
诺手 纳尔 (弗雷),0.65%,50.97%,1138,22.7,绝活哥,CQEACAQBAYAQEAYFAEBQCAQBAUFKCAIBAUAQMAIFAMHQEAIBCYPQIAIDBMGCMKACAEAQCBIBAEBQ2AA
伊莉丝 (诺克),0.65%,52.65%,1130,21.83,绝活哥,CECAEAQDAMCAGAIFE42TQAYDAUBQIBQFAEBQEDAPFA3QAAIBAECRM
提莫 EZ (弗雷),0.62%,42.63%,1072,26.6,下水道,CQCACAQEBIAQGAICAIAQCCY6AYAQICAZD4SDIOQEAEAQCKQBAQAQUAIFBKMACAQFAQBA4AA
黛安娜 梦魇,0.52%,49.00%,904,25.5,下水道,CICACBAFBMBACBIDF4CAGCJDHBEVSBADAUBAGBIGAEBAGCKY3AAQGAIDBEJQCAYFAQAQICIP
内瑟斯 佛耶戈,0.52%,49.28%,899,28.25,下水道,CMBQGAIFBMYDCAYEAUBTMNYFAQDS6NTHNV4QGAIBAUMQCBAHHMAQIBIEAEAQIBIQ
德莱文 蔚 塞恩,0.49%,49.94%,855,26.4,下水道,CQCQCAIDCQAQGBASAECAIEACAUBQSDIDAECCOLJUAUAQCAZTAEAQIJQBAMBQ6AIFBKMACAIFAMAQKAIBAQAQCAQDBEAQEBAIAECQIGACAEBQWLQ
艾希 乐芙兰,0.49%,44.91%,855,26.43,下水道,CMCACAYBAIAQIAYEAMAQGBA7EECQCAILCYTCSMACAECAGAQCAEAR4KQEAEAQCBABAEBTKAIEAEFACBADB4
加里奥 乌迪尔,0.49%,52.06%,849,25.71,绝活哥,CECQCAIADIAQCAIDAEBQCAQDAUAQIDIRAQCQACIKBQJAKAIBAEZACAQAAEAQGAAGAECQADQBAUAQYAA
EZ 维克托 (班城),0.49%,51.24%,845,32.05,绝活哥,CQCACAYEAMBACBBEGQBAKBAMCEDQKCQBAQUDDJQBXQA4MAICAEBQIDIBAUCBQAA
盖伦 皇子,0.48%,47.19%,837,23.78,下水道,CEBQEBIABQKQGBAAAIDQQBYBAAAQIBQMEISCOAQBAEADGAICAADQA
EZ 黑默丁格 (班城),0.46%,46.23%,796,29.68,下水道,CQCACBAECABAKCRRUYAQEBIEBQMAOAIEBQPSIJZNGQ4ACAQFBJHMMAIA
卡特琳娜 女枪,0.45%,44.46%,785,26.75,下水道,CICACAQDBEAQGBQIAMAQGKRMFYDAEBQBAULC2OR6AMAQGAYNAECAMBQBAQBRMAIBAIDA6
普朗克 瑟庄妮,0.42%,50.75%,735,26.87,绝活哥,CIBQCAQBAIAQIBQKA4BAMCZAEETC2OR4AIAQKBQBAQBAMBASCQYQGAIDAEEQCBAGBAAQKBQK
菲兹 璐璐 (班城 皮祖),0.41%,53.39%,708,25.04,绝活哥,CQDACAQGFYAQGAQCAEBQIEQBAQCBAAYBAQGCOLIEAUFG66FGAHAACAQBAECDIAQFBJ2IQAIBAECQVSAB
冰鸟 (暗影岛),0.36%,41.43%,630,29.54,下水道,CEBAGAIBAMMDEBYBAUAQGDYUDUUDCAQBAQAQ4AQBAEKB2AQBAMCREAYBAUJSWNQ
锐雯 维克托,0.36%,55.71%,630,24.99,绝活哥,CECQCAIDAIBACBBHGQBAKBAUDEBQGAYBAMDQIAYEAIBQKEQCAECAGFQBAUCAYAA
塔里克 悠米 潘森 (德玛),0.36%,49.13%,629,24.78,下水道,CQCACBAAAMBACAAJDIBQGCI3EMZQGBIJAMCQMBABAMAA4AIDBFOACBIKDUAQKCIEAQAQEAABAECAAAQBAUABIAQDBEJTU
蛮王 巨魔 (艾欧),0.33%,52.41%,580,24.73,绝活哥,CECACBABBYBACAIMGIBACAQCGEBQGAIDAYFAIAIBAIQQCBABBQBAGAITCYCACAIBCQTTIAA
巨魔 丽桑卓 (艾欧),0.33%,46.80%,579,28.76,下水道,CEDACAICGEAQEAQFAEBQEEYCAEAQYMQCAQAQKDQDAMAQGBQKAMAQCARBAEBQEFQCAMAQIEYCAEAQELQBAQAQY
锤石 内瑟斯,0.32%,48.05%,564,27.03,下水道,CMBQEBAHAIXQEBAFAMIAIAIFBMYDCNAEAEBAKBABAQCQIAQBAUMSQAYEA45WO3IBAICAOGTZ
德莱文 金克丝,0.31%,45.98%,535,22.3,下水道,CECACAYECIAQIBAQAMAQIJZIFUCQCAYHBEKCONYCAEAQGKAEAECACDANDQAA
乐芙兰 希维尔,0.30%,49.42%,514,24.36,下水道,CMBQIAIDBQIB6KAEAQBQEBAICMCAIBYUEA3IUAICAEAQGGQBAQBQMAA
菲兹 锐雯 (班城),0.29%,57.80%,500,21.81,绝活哥,CQCACAQGFYBACAYTDMBQGAYBAMDQKBIKFAY2MANRAHMQCAQBAEBQWAQFBKIQDLQBAEAQIAYW
纳尔 吉格斯 (班城 诺克),0.27%,54.78%,471,23.67,绝活哥,CQBQEAQDAMCAKAIDAIGA6JJIAYCQUBYOJGQQDIYBUYAQAAIBAEBRG
李青 阿克尚,0.26%,47.45%,451,26.57,下水道,CMBQEAICBQ4QGAQCAMDAQBAEA43IAAMCAGFACAYBAEBDCAQCAICQSAQEA5OW2AQBAMBBIAQEA4GUY
蛮王 龙王,0.25%,47.26%,438,21.69,下水道,CICACBABBQBAGCKAK4BQCAJBE42AIAYBAMFBGFQCAECQSDQDAMEQKVDEAIAQGAIIAEBQSAQ
卡特琳娜 阿狸,0.25%,48.38%,432,26.23,下水道,CECQCAIDFIAQGAQFAECAEDYCAUBAIGQEAEBAQCYMHECACAICFQAQEAYJAEBQEFADAEBRGGZOAEAQCARR
塔姆 乌迪尔,0.24%,33.02%,424,27.71,下水道,CICQCBABBIBAGBQEBABAGAICBEBQCAIDBMZAGBIBAQGRCAQBAEARMAIFAEGAEAIDAELAEAIBAEVA
EZ (诺克),0.24%,54.01%,424,21.82,绝活哥,CECACAYEAUBACAYCFABAEAYDAQCACBARE42DMBABAEBQ6AIDAQFQCBADAMBAKBAMDMBACBIEDABACBA7EQ
布隆 乌迪尔 (德玛),0.24%,43.17%,410,26.56,下水道,CECACAIBBEAQGAICAMCQACQMCICAKAIEBQGRABQBAEABUAIBAEZACAYABYAQIAADAECACCQBAUABIAIBAUARC
亚索 蕾欧娜,0.23%,43.10%,406,28.54,下水道,CICACAQCAUAQICINAIAQEDAPAMBQSGRWLACACBACCQAQICIPAIAQEJBRAQBQSHBDKJQAGAIBAIQQCAYCAUAQGCKV
丽桑卓 塔莉娅,0.23%,51.00%,402,23.52,绝活哥,CMBAIBABAECQMDQFAQDQCHZMIJ4AGAIBAEZACBABBIBQIBYNJFWQEAIEAEFQEBAHEI5Q
拉克丝 厄斐琉斯,0.22%,47.80%,387,31.84,下水道,CICACAYABYAQKAAMAIAQABRKAUBQSSKULRQNSAIDAEAQAGQBAIAACBADBELTGVKWAEAQCAAP
卡尔玛 佐伊,0.21%,32.60%,365,30.55,下水道,CIBACAICFEDQGCIJEMZUYVCVMABACBIJBYDAGCIXFI4U7WYB3UAQCAQDBECSQ
内瑟斯 千珏 佛耶戈,0.21%,49.45%,364,27.1,下水道,CMBQEBAHGZ4QGBAFAM3DOBABAUFSQMBRAMAQIBZ3AIAQKGJCAMCAKBIQGUAQCBAHF4
李青 维克托,0.20%,47.52%,343,27.1,下水道,CECQCAIEGQAQIBAHAIAQEDBRAMBQIAYFCICAEAQDAUDASAQBAMCA4AQFAQGBIAIBAEBCK
盖伦 女枪 奎因,0.20%,52.63%,342,24,绝活哥,CICQCBAAAIAQKBQBAIBAMFR6AICQACQMAMAQABQJDUBQCAIAGMAQGAAOAMBAABQHBIBQCAIABQAQEAACAECAABY
塔莉娅 吉格斯 (比港),0.19%,48.94%,331,24.8,下水道,CQCACBAGAYAQKCVDAEBAKBYLCECQIBYNDQSSMSICAECQOBYFAQDTMO2MMZWQCAIEA5MQ
蔚 佐伊 厄斐琉斯,0.19%,48.33%,329,31.28,下水道,CICACAYEAUAQIBAQAMAQIJRHGQCAGCJDJFLNSAIDAEAQIGYBAMCBEAQDBEEVIAYBAICAQAIDAQFQGAYJBVKVY
内瑟斯 千珏,0.18%,45.66%,311,26.95,下水道,CMBQCBAHF4AQIBINAQAQKGJJGE4QGAIEA45QIAIFAEFSEMAEAQCQGBAFA4BQCAIFB4AQGBISAICAOYLZ
EZ 斯维因,0.17%,44.08%,304,29.83,下水道,CQCQCAIDFYAQGBARAIAQIJBUAICQIDAYAMBAGBYIBECACAIED4AQEAYBAEBQGDICAEBQINYDAEAQGMYBAECBWAIFBKMAC
千珏 佛耶戈 (恕瑞玛),0.17%,50.83%,301,27.58,绝活哥,CMBQEAIFFAYQIBAFAU2TMNYHAQDSMNR3JRTW26IAAEAQCBIB
提莫 小炮 (艾欧),0.17%,58.70%,293,27.7,绝活哥,CQCQCAIEBAAQGAQJAECQEBYCAEBAYMIHAUFBGIDQQUA2MANXAHMQCAIBAEBAEAICAUFDI5Y
佐伊 厄斐琉斯 维克托,0.17%,57.04%,291,31.11,绝活哥,CIBQCBAECABACBBHGQDAGCJDJFKFMXGZAEAQCAYEAMCQCAQEAEAQKCIKAIBQICYSAMAQIGQ3EMCAGCIJCMLSU
兰博 塞恩 (班城),0.17%,41.67%,288,24.49,下水道,CQBQCAIDBMAQKAYBBACQUMKVLCEADEIBUYA4AAOIAECACAIDCMAQGAYPAECQUWYCAUBQMCIA
德莱文 兰博 (皮祖),0.16%,53.87%,284,22.61,绝活哥,CQDACBAECAAQKCSYAECQGDICAMCAKEQDAECCOLJUAQAQGAQLCMKACAIFAMDAEAIDAMHQCBIDBE
凯南 阿狸 (恕瑞玛),0.16%,45.32%,278,31.1,下水道,CQCQCAYCAUAQIAQPAECQUOQCAUBAIGQFAEBAQCYMFQZAEAIEA6FACAQBAIYTSAYBAMBBIAIFAIKQEAQCAUFA
巨魔 龙王,0.16%,44.77%,277,22.1,下水道,CIBQGAYJIBKFOBABAEGBIIJUAQBQCAYGBILAGAIBAEVACAYBAQAQKCIOAEAQGCIF
龙女 龙王,0.16%,47.27%,275,25.42,下水道,CICQCAQAAEAQKCIGAICAADQUAMBQAAQGBMBQGCIDBZLQEAIBAANACAYABYBQCAYABAAQIAACAQBQSBQNKRSA
拉克丝 黑默丁格 (皮祖),0.15%,50.00%,262,27.63,绝活哥,CEBQCAIAFICACBAQDM2DQBAFAQMBSGY5AQAQEAABAEBQADQCAQCAODQCAUCBKGQBAEAQABQ
布隆 吸血鬼,0.15%,38.70%,261,24.22,下水道,CEDACAQDAQAQIAYSAECQCEICAEAQSFQCAMAQEFADAEBQMHRQAMAQIAIJAIAQGLZUAICQCAIFAA
拉克丝 卡尔玛,0.15%,43.36%,256,27.7,下水道,CEBACAICFECQCAAPDIQSQKQGAEBAEBIBAMAA4AIEAACQEAIADAZAEAQAAECQIAICAIGBQMIA
千珏 加里奥,0.14%,51.82%,247,25.33,绝活哥,CECQCAIABMAQIAAFAICAKAYFAICQACIMAMAQKKBMGECQCAIAB4AQCBJLAEBAAAIBAMAA4AIEAUIAEAIDAUCAEAIAAYNA
亚索 卡特琳娜,0.14%,45.34%,247,29.35,下水道,CECQCAQCAUAQEAYJAECQEGQCAEBSULQEAEBAQDAPHECACAIDG4AQGAQFAEBQGDICAQBQECQDAEAQEMIBAIBQEAIDAIKA
EZ 伊莉丝 千珏,0.14%,46.91%,243,30.01,下水道,CQEACAIFAEAQGBIQAECAIBYBAQCQKAIFBKMACAIFAUHQEAIEDM2AEBIEBQMAEAIFAUFQEAIFFA2QGAIBAQSACAYEBMBACBJBGE
无英雄 (班城 皮祖),0.14%,50.21%,239,27.83,绝活哥,CQCQCAQEBEAQGBANAECAIBYEAECAMHBQGQCQKCRIUYA5KAOZAHQACAIBAECACAQBAECDCAIFAQGA
乐芙兰 乌迪尔,0.14%,44.30%,237,26.13,下水道,CECQCAIBGAAQGAICAIAQGHZBAMCAGAQECMBQKAIEBUIQGAIFAEGAEAIDBMNAEBADBAHQA
金克丝 兰博 (诺克),0.14%,42.80%,236,22.58,下水道,CQDACAYECIAQIBAQAECQUWABAUBQMAQBAMTTOBIBAQGBYJZIFUBACAIDA4BACBABBUAQCAYDB4
EZ 蔚 (班城),0.13%,46.22%,225,31.42,下水道,CQCACAQEBABACBBEGQBAKBAMCEDQKCQBAQUDDJQBXQA4MAICAEBQIDIBAUCBQAA
提莫 (诺克 皮祖),0.13%,43.30%,224,20.8,下水道,CECQCAQDAMAQGBANAECAGAYEAEBQEKBLGQCQCBAICETTINQCAEAQGNYBAECDCAA
蛮王 巨魔 丽桑卓 (暗影岛),0.13%,52.47%,223,26.13,绝活哥,CECACAIFFAAQIAIOAIAQCAYMAIBQCBQWAMAQCBIBAIBQCCQTAMAQCFBHGICQCAYBAMAQKBIDAIAQCAJUAICACBIMAQAQKDYZDUQQ
希维尔 阿克尚 乌迪尔,0.12%,48.82%,211,26.97,下水道,CMBQCBIHCYCAIBZWLVTYAAIEAUAQIDIQCEBACAYBAICAIBYUHNGG2AYBAEARMAIEA6BACAIFAEGA
巨魔 丽桑卓 (暗影岛),0.12%,48.34%,211,27.71,下水道,CECACBABAUBACAIMGIBAGAIGCYCACBIBFAWC6BABAEARIAIBAUHQCAYBAMBAIAIKBYBQCAIFCQAQGAITAECACDI
卡尔玛 乌迪尔,0.12%,40.00%,210,28.24,下水道,CECAEAICEEUQEBIBBUIAGAIBBQQTEBADAEBQOEYWAMAQGAIKAECACDABAUAQIAIBAQAQU
金克丝 璐璐 (艾欧),0.12%,49.04%,208,24.3,下水道,CEDACAYCAIAQGBASAECAIEABAUCBSAQBAIGCUBABAQGCOKBNAQAQCAQGAEBAIAYBAUBAOAQBAQARYAA
基兰 泽拉斯 (班城),0.12%,43.96%,207,28.53,下水道,CQBQCBIKAYBQKBYHBMHAKBAHBUSSMJ2ZAIBQIBY4HNGAGBIKAEN2MAIBAECAO3I
劫 赫卡里姆,0.12%,39.02%,205,22.08,下水道,CECACAYFAQAQIAQOAQAQEBQJBQVAKAIFA4FBKFZKAMAQCARRAEAQKHYBAQBAOAIBAECQG
巨魔 纳尔 (皮祖),0.11%,44.44%,198,28.55,下水道,CQDACAIBAMAQKBAYAIAQILJUAIBQCAQGAICAICQQAICQVGABUEAQGAIBAEZACAYBAMBAIAIKBQAQEAIEDMTQ
伊莉丝 蔚 千珏,0.11%,52.66%,188,28.85,绝活哥,CQDACAIEGQAQIBIFAECQVGABAECQIGACAECQCKACAUCQWDYDAEAQIGYBAICAQAYBAUJR2IIDAECAKHIBAUCQGBABAUHRSMJV
黑默丁格 杰斯 (班城),0.11%,44.09%,186,29.67,下水道,CQBQCBIKUYAQEAIEGQ4AKBIECULBQGQ5AQAQCBAQAECAIDQCAUFADVIBAICQIGI3AQAQCBA3AEBQICYBAQCA6AIFBINA
卡尔玛 EZ,0.10%,41.44%,181,30.02,下水道,CECACAICFEAQEAQDAICAIAQHAMAQIHZEGQCQCAIEDMAQEBAGAEBQEFACAIBAKCIEAEBAEDBRHEAQCAIEE4
布隆 加里奥 乌迪尔,0.10%,49.72%,181,24.81,下水道,CEBQCAIADIBAKAAMCQCAKAIEBQGRCBABAMAA4AIDAEBACBIABEBACAIDA4DQCAIAGIAQEAABAEBQCFQBAQAQUAIFAAHQCBIBAEBQCAIJCYOQ
女枪 刀妹,0.10%,46.37%,179,25.29,下水道,CIBAGAQGCY3TYBAEAICQSCYPAQAQCAQMAEBQMDQDAIDBIHZ6AMCAEBAGA4BQCAICGEAQGAQUAECAECA
提莫 女警 (弗雷),0.10%,45.98%,174,27.14,下水道,CEDACAIBAQAQEBAKAEBQCAQBAMCBIAQFAQBAMAYBAQMTIOQCAMAQICA2E4BQKBAJBYHQCAIDAQGQ
盖伦 皇子 (暗影岛),0.10%,42.69%,171,23.36,下水道,CEBQCBAAA4BAKAAMCUEACAABAQDAYIREE4ZQEAICAADQEBAAAIEACAIBAUBQ
布隆 乌迪尔 (诺克),0.09%,50.00%,164,29.63,绝活哥,CECACAQDBEAQIAIOAICQCBANAQAQCAYJEUZAKAIBAELACAYBAIAQGAYNAECQCEICAQAQSCQCAIAQCCYUAIBQCCIW
卡尔玛 巨魔,0.09%,47.85%,163,23.4,下水道,CECQCAICFEAQEAQFAICACDIOAMAQCDBBGQBQGAIDAYFAGAIBAIYQCBIBCABAGAITCYBACAQCBEAQGAIE
EZ 赛娜,0.09%,50.92%,163,34.36,绝活哥,CQDACAYEBMAQGBIQAECQVGABAECQIDACAECQCKACAUCQGCIEAECAKOACAECQ6FACAUCQQDQDAECBWJBUAA
卢锡安 赫卡里姆,0.09%,45.40%,163,23.2,下水道,CECACAIACYAQGAAKAECAAAYFAECQOFIXFIYQKAIDAUHQCBAAAIAQIBJWAIAQKCQUAIBAACAJAIAQCAAVAEAQKAY
亚索 蕾欧娜 石头人,0.09%,34.78%,161,30.63,下水道,CICACAICBQAQEAQFAEBQSYABAQEQ2BIBAMBAKAIFBEHAGAICB4YTSAYEBECAQDQFAMERUMZWKRMAEAIDAIKACAYJAU
诺手 伊莉丝,0.09%,47.44%,156,22.54,下水道,CECAEAQDAMCAGAIFE42TQAYDAUBQIBQEAEBQEDZIG4AQCAIDEYBACAIDBQAQIBIL
塔姆 索拉卡,0.09%,40.65%,155,23.81,下水道,CIBQCAQGAUBQGCJNGM3QKAYGAQDQQCIPAIAQEBRDAUBQSNB4KVOWEAIBAMEQK
卡特琳娜 EZ 女警,0.09%,55.48%,155,28.97,绝活哥,CECQCAQDBEAQGBARAIAQGLRXAIAQIJBUAMCQIDARDABQCAIEDMAQKBAGAIAQGBBTAQAQCBA7AEBQGDIBAQBQEAQBAMLCU
诺手 女枪 崔斯特,0.09%,52.26%,155,23.52,绝活哥,CICACBIGAEBAEAYDAQBQEBQWEY6AIAIDAIGA6KACAEAQGJICAIDBUPQEAEAQGJQBAIDB6AIDAYDACBADAM
蕾欧娜 加里奥,0.09%,38.96%,154,26.49,下水道,CICACAIADIAQICINAICQACIMAUBQSGRDGZMGABABAIAACAIEBEHQCBIACQBQGCI4HFJACAIDAAHA
金克丝 璐璐 (班城),0.09%,53.25%,154,23.25,绝活哥,CQCACAYCAIAQIBAQAQCQUTURAGTADSABAYAQIDA4E4UC2NABAEAQIAICAEBQIEQBAUCBS
佛耶戈 (弗雷),0.09%,46.00%,150,24.63,下水道,CECACAIBAMAQIAIOAICAKNRXAUAQKAI4EAUC4AQBAQCTKAYBAUKC6MIDAECQCBACAEAR2KQCAECRGHI
提莫 伊莉丝 (皮祖),0.09%,51.01%,149,23.85,绝活哥,CECACBAEAUBQGBIDAQDAIAIFEYXTCNIFAECAQEJHGQ3AAAIBAMCA2
冰鸟 卡尔玛,0.09%,36.49%,148,25.73,下水道,CECACAQCAUBQCAIMDAZAGAICEEUTCAYDAEBAGCQDAEBQCEYBAQAQ4AIEAIKAIAIBAIMACAYBCYAQIAIMAECQCEA
提莫 瑟庄妮 (班城),0.08%,51.02%,147,25.98,绝活哥,CQCQCAIEBAAQGAICAIBACAQFAICQCAIGAYCQUBYOGFE2MAOVAEAQCBABBIBACAYBCYAQKCVEAE
索拉卡 加里奥,0.08%,42.18%,147,25.46,下水道,CICACAIADIAQGAAOAQBQSLJTG5OAKBIABEGA6EQUAIAQKAARAIBQSNB4AEAQGCIT
乐芙兰 塞恩 (弗雷),0.08%,47.26%,146,24.12,下水道,CEDACAYBAIAQIAISAECQGAIDAEBQWHZBAMCAGAQEB4CACAIOD4YDGAABAECQGEY
希维尔 乌迪尔,0.08%,51.03%,145,27.26,绝活哥,CMCQCAIBGAAQGAICAECACCQCAUAQIDIFAQDRINSMM5WQEAQBAEDRIAQEA4GTWAQBAEAQCAIDAEEQ
李青 佐伊,0.08%,49.29%,140,29.79,下水道,CICACBIJAYBACAQMGECAEAQDAUDASBADBEERWIZTAIAQCAQCAEBAECACAEBQEFACAMERGVI
蔚 维克托 (班城),0.08%,51.09%,137,31.06,绝活哥,CQCQCAIEDMAQEBAIAEBQIAYBAUCBQAQFBICDCBQBAECAMAICAQAQCAYEAUAQIBAHAICQIDARAQCQUAJIUYA3YAICAEAQINABAMCAW
EZ 黑默丁格 吉格斯 (班城),0.08%,51.11%,135,28.63,绝活哥,CQCACBAECABAKCRRUYAQEBIEBQMAMAIEBQPSIJZNGQBACAIEHAAQKCSOAIAQGBAFAICQVIYBYYAQ
崔斯特 斯维因,0.08%,51.88%,133,28.68,绝活哥,CICACAYDBUBACAZOG4BQEAYHBAEQKAQGAQNCMLJ2AIAQEAYBAECAGAQDAEAQGMYBAIDBYAIEAYFA
慎 皇子,0.08%,40.91%,132,26.74,下水道,CECQCAYAAYAQKAAMAICAAAQIAMAQACILDUBQCAQMEAVQGAIBAIYQCAYABYAQIAAPAQAQCAA2AEBAABYBAMBBIAIFAIDQ
无英雄 (弗雷 皮祖),0.08%,53.79%,132,26.05,绝活哥,CEDACAIEGQAQEAIDAEBQCAQBAUCBKAQDAQJBGAYBAEEBAGIEAEAQCMQBAMCA2AIFAQNQGAIECQNTCAIBAEAQK
卡特琳娜 斯维因 锐雯 纳尔 (班城),0.08%,41.98%,131,31.72,下水道,CQBQCAIDGIBAEAYHBEBAKCRRUYAQKAICAMAQCAYDBUAQIAYCAIAQGLRXAQCQUAIOGRCQIAICAMEACAYDA4BACAYEFIBQKCQXJ2QQC
蔚 维克托 乌迪尔,0.07%,46.15%,130,26.89,下水道,CEDACAYBAIAQIBAQAECQIGICAECCONACAUAQIEADAMCAGBISAMAQEBAIAECACCQBAUCBIAYBAIAQKAIFAEGQEAIBAQLA
盖伦 皇子 (诺克),0.07%,44.53%,128,22.5,下水道,CEBQCAIDCMBQIAACA4EAQAIAAECAMDBCEQTTGAIBAIAAOAQBAEABKAIEAAHQ
菲兹 乌迪尔 (班城),0.07%,53.17%,126,25.12,绝活哥,CQCACAQGFYAQGAICAMCQCBANCEDAKCQUEAYZCANGAHMQCAQBAEAQIAIFBKYQCAYBAEAR2AIEAEFACBIK2UAQ
锤石 龙王,0.07%,34.40%,125,31.26,下水道,CIAQMAIFBMUCWMBRGQCQCAQFAQAQICIEAECAKEADAECQCGJCAQBQSI2XMBSACAQDBEBVI
乌迪尔 潘森,0.07%,33.33%,123,26.64,下水道,CICACAYBAIBAGCJTLQBQKCIDAUDAIBIBAQGA2EICAEAQCBACAMERGIYEAEBQCFQBAMEVKAIFAEIACBIJBI
阿克尚 潘森,0.07%,45.90%,122,23.13,下水道,CMBQEAYJDMRQGBIJAMCQMBAEA4RV3AQBRIAQGAIDBEJQCBIHCYBQIB2FQAAYCAIBAMCAODJYHM
艾克 阿克尚,0.07%,37.19%,121,27.97,下水道,CMCACBIEBQBACBBOGQBQIBABAIDQMBAHAEODW3MAAGBACAIBAQDSEAICAQDRATY
无英雄 (弗雷 暗影岛),0.07%,42.50%,120,29.61,下水道,CECACBABBYBQCAIMFI2AGAIFAEQSQAYDAEBQICQDAEBQCEYBAQAQYAQBAEARIAICAECRGGI
李青 乌迪尔,0.07%,37.82%,119,24.35,下水道,CECQCAIBEAAQGAQJAMAQEAQMGEBQEAQDAYEAGBIBAQGRCAIBAIBASAYBAEBCKAIFAEGAGAQCAICQO
鳄鱼 阿克尚 (班城),0.07%,55.17%,116,24.08,绝活哥,CQBAGBIKSEA2MANRAEDQIBZGGY3UGXLHQIAQEAIFBIYQGBAHHNWYUAIBAICAODJN
拉克丝 千珏,0.07%,43.86%,114,29.61,下水道,CEBQEBAFAQCQGAIADISSUBABAUAQWMBRAMAQCAAPAECAKEADAECRIKBJAMAQCABSAEAQKIABAIAAC
吸血鬼 乌迪尔,0.07%,29.82%,114,24.29,下水道,CECACBABBEBAGAICCQBAKAIBBUCACAYGDYXTAAYBAQAQUAIEAMJAIBIBAQCQYEIBAEAQGNA
璐璐 阿狸 (皮祖),0.06%,52.21%,113,25.91,绝活哥,CEDACAICBQAQGAQCAEBQIEQBAQCBAAQFAICAOBIBAQGCMJZNGQAQEAICCUYQEAICAQBQEAYCCEKA
李青 厄斐琉斯,0.06%,48.67%,113,31.47,下水道,CIBQEAICBQYQEAQCAMDAIAYJEMZUTWIBAMAQEAQFAECQSBQFAMERWVKWLRQAEAIBAIBACAQCBE
剑姬 塔里克,0.06%,38.18%,110,21.75,下水道,CICQCAYABYAQIAACAECQAFADAEABKGRNAYBQSIZTHE5FKYQCAEBAABIBAMEW4AA
蛮王 巨魔 (德玛),0.06%,38.18%,110,22.04,下水道,CECQCAIADIAQIAAFAECACDQDAMAQMCQTAQAQCAIMC4TQIAIBAABACAIBGQAQIAIKAIBQCAYEAA
瑟庄妮 纳尔 (班城),0.06%,48.62%,109,26.05,下水道,CQCACAQBAIAQGAICAECQCBQGAUFA4RKJUEA2MANHAEBACAIBA4CAKCQBDKSADVIBAMAQGAIWAECACCQBAUFBO
兰博 塞恩 (皮祖),0.06%,39.45%,109,24.28,下水道,CQCACBAECAAQKCSYAMAQIJZNGQCAKAYBAYEQ2BIBAMBQ6AIDAQJACBADCYAQKAYEAIAQGAQTAEAQCBAB
千珏 伊莉丝 扎针,【非版本经典卡组】,无数据,【非版本经典卡组】,0,控制套,CQEACAIFAEAQGBIQAECAIBYBAQCQKAIFBKMACAIFAUHQEAIEDM2AEBIEBQMACAQBAUUDKBABAMCAWAIFAUFQEAIED4SAEAIFEEYQ
璐璐 金克丝,【非版本经典卡组】,无数据,【非版本经典卡组】,0,中速套,CQDACAYCAIAQGBASAECAIEABAUCAYAQFBJHKMAIGAECAYHBHFAWTIAQBAECA2AIFBKEACAA
弃牌快攻,【非版本经典卡组】,无数据,【非版本经典卡组】,0,快攻套,CIBAKAIDA4ERIJZXAUAQIDA4E4UC2BABAEBSGAIDAMHQCAYECIBACBABBUAA
赫卡里姆 沙皇,【非版本经典卡组】,无数据,【非版本经典卡组】,0,中速套,CMBAGAIFCULSUBAEA4BSMM3HAQAQCBJRAEBAKAIBAMCQIBAEA4NDM3LZAIBAIBZNKIBQCBIWEITA
凯南 EZ,【非版本经典卡组】,无数据,【非版本经典卡组】,0,组合技,CQCQCAIEEQAQGAQFAECQUOQCAIBAGBIDAEBAWDBSAQAQEAQKAEBQEFACAUBAOFIDAEBCYMJZAIAQEAQJAECQEBQ
斯维因 纳尔,【非版本经典卡组】,无数据,【非版本经典卡组】,0,中速套,CQBQEAIDFY3QIAQDAEDQQCIFAUFA4MNBAGSADJQBAIAQGAYNAICQVKABV4AQCAIFBILQ
纳尔 巨魔 平行时空,【非版本经典卡组】,无数据,【非版本经典卡组】,0,娱乐,CQDACAIBAMAQCBBNAEBQCBQBAQCAUAIFAQMAEBIKTAA2CAIFAECACDABAQCBAAQBAEFTEAQBAQNTIAQDAEBAGAYBAECCOAIDAQFQCBABBI
德玛精英,【非版本经典卡组】,无数据,【非版本经典卡组】,0,中速套,CEBQCBAABAAQKAAMAUAQAAIMEISCOAYBAIAACAIDAAHAIAIAAYERUJIEAEBAABYCAEABKNACAQAAEBYCAUABIFI
巨魔 蛮王 激素,【非版本经典卡组】,无数据,【非版本经典卡组】,0,控制套,CECACBABBYBACAIDBQBAGAIGCYBQCBIBDUUAGAIEAEFAGAIBCQTTEAYBAUHRSIICAEAQCAIBAUCQG
皎月 梦魇 夜临,【非版本经典卡组】,无数据,【非版本经典卡组】,0,中速套,CIBQCBAFBMCQGCJDHBEVQWIFAMCQEAYEAUDAEAIEBEHQEAYJL3LACAIBAECS6
冰剑姬,【非版本经典卡组】,无数据,【非版本经典卡组】,0,中速套,CEDAGAIBAQOTOAQBAAJC2AICAECACAYABYBAGAICDEAQKAAUAIBQCAIWDYZACAIAEABACAIABUAQCAJO
剑姬 慎,【非版本经典卡组】,无数据,【非版本经典卡组】,0,中速套,CEBAOAIAAMERUHJAEUWQKAICBQQCKKZZAIAQCARRAEBAAAIA
斯维因 EZ,【非版本经典卡组】,无数据,【非版本经典卡组】,0,控制套,CQCQCAIDFYAQGBARAIAQIJBUAICQIDAYAMBAGBYIBECACAIED4AQEAYBAEBQGDICAEBQINYDAEAQGMYBAECBWAIFBKMAC
希维尔 妖姬,【非版本经典卡组】,无数据,【非版本经典卡组】,0,中速套,CMBQCAIDD4AQIAYEAUCAOIBGGZTW2AYBAEBRGAQEAMBAQBAEA4GRITC5AMAQIAYPAECQOFQDAEBQWJRP
梦魇 赫卡里姆,【非版本经典卡组】,无数据,【非版本经典卡组】,0,中速套,CIBQEAYFAECQKAIFAMKRMKRPAUBQSI2JJNMV4AIBAMCQEAQBAECRSAIDBEGQ
杰斯 伊莉丝 蔚,【非版本经典卡组】,无数据,【非版本经典卡组】,0,控制套,CQCACAIEGQBACBIBFABAKBILB4CAKBAWDANR6BABAECBWAIFBKMACAIFAUBQEAIFGE2QGAICAQEACAYEBMAQKBAV
阿克尚希维尔,【非版本经典卡组】,无数据,【非版本经典卡组】,0,中速套,CMCACAIABEAQGAAOAECQADAGAQDRINTHQAAYCAMCAECACAQAAEAQIAACAECQAFADAQDTWXMKAEAQCBAAAM
纳尔小炮出征,【非版本经典卡组】,无数据,【非版本经典卡组】,0,中速套,CQBACBIABQEAKCRAN52IKANGAGXQDNYB3EAQIAICAADQCAYABYAQIAACAICQU4FBAEBQCAQGFYAQKCWAAEAQKAAU
神木 波比 凯南 纳尔,【非版本经典卡组】,无数据,【非版本经典卡组】,0,中速套,CEBQCAQDBEAQCAZXAYCQUALUQQA2MANPAHBACAIHAUFCSOTKTAA2CAOAAHDACAQBAUFIQAIBAMBQ2
阿狸 凯南（恕瑞玛）,【非版本经典卡组】,无数据,【非版本经典卡组】,0,组合技,CQCQCAYCAUAQIAQPAECQUOQDAUBAIBY2AYAQECALBQWDCMQBAECAPCQBAIAQGAQUAECQEFI
乌迪尔 李青,【非版本经典卡组】,无数据,【非版本经典卡组】,0,中速套,CECACAICFMAQGAICAMBAEAYFAYBQKAIEBUIQKAICAECACBABBIAQKAIMAIAQEDBRAMAQCBALDUAA
蕾欧娜 加里奥,【非版本经典卡组】,无数据,【非版本经典卡组】,0,中速套,CIBAEBIABEGAMAYJDIODMUSYMACQCAIADIAQEAABAEBQADQBAUABIAQEBEGQ6AQBAQAAEAYDBEZTSVI
普朗克 瑟庄妮,【非版本经典卡组】,无数据,【非版本经典卡组】,0,中速套,CICACAQBAIAQIBQKAECQMAIHAIDAWFBAEEWTUPACAEBQMCAEAIDAEERCEYAA
黑默丁格 拉克丝,【非版本经典卡组】,无数据,【非版本经典卡组】,0,中速套,CEBQCAIAFICACBAQDM2DQBAFAQMBSGY5AQAQEAABAEBQADQCAQCAODQCAUCBKGQBAEAQABQ
人马 劫,【非版本经典卡组】,无数据,【非版本经典卡组】,0,中速套,CECACAYFAQAQIAQOAQAQEBQJBQVAMAIFA4FBKFY7FIBACAICGEAQIAQHAA
璐璐 劫,【非版本经典卡组】,无数据,【非版本经典卡组】,0,中速套,CECACBAAAIBACAAJDUBAGAQCBIBQCAQJBQ4QIAICAIFACAYABYAQGAQUAMAQEEIWDIBQCAICGEAQEAAHAIAQACYV
阿克尚 李青,【非版本经典卡组】,无数据,【非版本经典卡组】,0,中速套,CMBQCAICBQBQIB4AAGBADCQBAQBAEAYFAYEAIAIBAIYQEAQCBEFAEAYCBEKAEBAHLVWQEAIBAI4QCBAHBU
提莫 EZ,【非版本经典卡组】,无数据,【非版本经典卡组】,0,控制套,CQDACAQEBIAQGAICAECQVGABAECQIDQDAEAQWHRKAUAQICAZD4SDIAQBAQAQUAIFAQBAA
佛耶戈 内瑟斯,【非版本经典卡组】,无数据,【非版本经典卡组】,0,中速套,CMBQGAIFBMYDCAYEAUBTMNYFAQDS6NTHNV4QGAIBAUMQCBAHHMAQIBIEAEAQIBIQ
璐璐 波比,【非版本经典卡组】,无数据,【非版本经典卡组】,0,中速套,CQDQCAICBQAQIAACAECQUKIBAUBAOAQDAIBAUAQFAAFAYAYBAADASHIDAEAQEMIBAMAA4AIDAIKACAIBAILA
锐雯 卢锡安,【非版本经典卡组】,无数据,【非版本经典卡组】,0,中速套,CECQCAQABEAQGAAOAIAQGEYYAIBQGAYHAQAQACIWDUTAIAICAAAQCAYDAEAQKAAMAICAAAQDAA
蕾欧娜 亚索,【非版本经典卡组】,无数据,【非版本经典卡组】,0,中速套,CIBQCBAJBUBACAQMB4DAGCI2EMZTMWDAAMAQEAQFAECQSDQCAEBAQMIDAEBQEBICAEBAEOACAMEQLVYB
